CÓD. IBGE,MUNICIPIO ,RRAS,REGIÃO DE SAÚDE,DRS
351380,DIADEMA,RRAS 1 , Grande ABC, Grande São Paulo
352940,MAUÁ,RRAS 1 , Grande ABC, Grande São Paulo
354330,RIBEIRÃO PIRES,RRAS 1 , Grande ABC, Grande São Paulo
354410,RIO GRANDE DA SERRA,RRAS 1 , Grande ABC, Grande São Paulo
354780,SANTO ANDRÉ,RRAS 1 , Grande ABC, Grande São Paulo
354870,SÃO BERNARDO DO CAMPO,RRAS 1 , Grande ABC, Grande São Paulo
354880,SÃO CAETANO DO SUL,RRAS 1 , Grande ABC, Grande São Paulo
350010,ADAMANTINA,RRAS 10 , Adamantina, Marília
351600,FLÓRIDA PAULISTA,RRAS 10 , Adamantina, Marília
352080,INÚBIA PAULISTA,RRAS 10 , Adamantina, Marília
352740,LUCÉLIA,RRAS 10 , Adamantina, Marília
352890,MARIÁPOLIS,RRAS 10 , Adamantina, Marília
353460,OSVALDO CRUZ,RRAS 10 , Adamantina, Marília
353490,PACAEMBU,RRAS 10 , Adamantina, Marília
354085,PRACINHA,RRAS 10 , Adamantina, Marília
354470,SAGRES,RRAS 10 , Adamantina, Marília
354510,SALMOURÃO,RRAS 10 , Adamantina, Marília
350400,ASSIS,RRAS 10 , Assis, Marília
350720,BORÁ,RRAS 10 , Assis, Marília
351000,CÂNDIDO MOTA,RRAS 10 , Assis, Marília
351330,CRUZÁLIA,RRAS 10 , Assis, Marília
351610,FLORÍNIA,RRAS 10 , Assis, Marília
352790,LUTÉCIA,RRAS 10 , Assis, Marília
352880,MARACAÍ,RRAS 10 , Assis, Marília
353530,PALMITAL,RRAS 10 , Assis, Marília
353550,PARAGUAÇU PAULISTA,RRAS 10 , Assis, Marília
353715,PEDRINHAS PAULISTA,RRAS 10 , Assis, Marília
353970,PLATINA,RRAS 10 , Assis, Marília
355395,TARUMÃ,RRAS 10 , Assis, Marília
350140,ÁLVARO DE CARVALHO,RRAS 10 , Marília, Marília
350150,ALVINLÂNDIA,RRAS 10 , Marília, Marília
350980,CAMPOS NOVOS PAULISTA,RRAS 10 , Marília, Marília
351470,ECHAPORÃ,RRAS 10 , Marília, Marília
351565,FERNÃO,RRAS 10 , Marília, Marília
351660,GÁLIA,RRAS 10 , Marília, Marília
351670,GARÇA,RRAS 10 , Marília, Marília
351730,GUAIMBÊ,RRAS 10 , Marília, Marília
351810,GUARANTÃ,RRAS 10 , Marília, Marília
352580,JÚLIO MESQUITA,RRAS 10 , Marília, Marília
352780,LUPÉRCIO,RRAS 10 , Marília, Marília
352900,MARÍLIA,RRAS 10 , Marília, Marília
353370,OCAUÇU,RRAS 10 , Marília, Marília
353410,ORIENTE,RRAS 10 , Marília, Marília
353450,OSCAR BRESSANE,RRAS 10 , Marília, Marília
354000,POMPÉIA,RRAS 10 , Marília, Marília
354200,QUINTANA,RRAS 10 , Marília, Marília
355550,UBIRAJARA,RRAS 10 , Marília, Marília
355660,VERA CRUZ,RRAS 10 , Marília, Marília
350630,BERNARDINO DE CAMPOS,RRAS 10 , Ourinhos, Marília
351015,CANITAR,RRAS 10 , Ourinhos, Marília
355720,CHAVANTES,RRAS 10 , Ourinhos, Marília
351519,ESPÍRITO SANTO DO TURVO,RRAS 10 , Ourinhos, Marília
351950,IBIRAREMA,RRAS 10 , Ourinhos, Marília
352090,IPAUSSU,RRAS 10 , Ourinhos, Marília
353380,ÓLEO,RRAS 10 , Ourinhos, Marília
353470,OURINHOS,RRAS 10 , Ourinhos, Marília
354320,RIBEIRÃO DO SUL,RRAS 10 , Ourinhos, Marília
354540,SALTO GRANDE,RRAS 10 , Ourinhos, Marília
354640,SANTA CRUZ DO RIO PARDO,RRAS 10 , Ourinhos, Marília
355050,SÃO PEDRO DO TURVO,RRAS 10 , Ourinhos, Marília
355460,TIMBURI,RRAS 10 , Ourinhos, Marília
350335,ARCO-ÍRIS,RRAS 10 , Tupã, Marília
350580,BASTOS,RRAS 10 , Tupã, Marília
351900,HERCULÂNDIA,RRAS 10 , Tupã, Marília
351920,IACRI,RRAS 10 , Tupã, Marília
353600,PARAPUÃ,RRAS 10 , Tupã, Marília
354180,QUEIROZ,RRAS 10 , Tupã, Marília
354380,RINÓPOLIS,RRAS 10 , Tupã, Marília
355500,TUPÃ,RRAS 10 , Tupã, Marília
351440,DRACENA,RRAS 11 , Alta Paulista, Presidente Prudente
351580,FLORA RICA,RRAS 11 , Alta Paulista, Presidente Prudente
352160,IRAPURU,RRAS 11 , Alta Paulista, Presidente Prudente
352600,JUNQUEIRÓPOLIS,RRAS 11 , Alta Paulista, Presidente Prudente
353160,MONTE CASTELO,RRAS 11 , Alta Paulista, Presidente Prudente
353310,NOVA GUATAPORANGA,RRAS 11 , Alta Paulista, Presidente Prudente
353480,OURO VERDE,RRAS 11 , Alta Paulista, Presidente Prudente
353540,PANORAMA,RRAS 11 , Alta Paulista, Presidente Prudente
353640,PAULICÉIA,RRAS 11 , Alta Paulista, Presidente Prudente
354710,SANTA MERCEDES,RRAS 11 , Alta Paulista, Presidente Prudente
354930,SÃO JOÃO DO PAU D'ALHO,RRAS 11 , Alta Paulista, Presidente Prudente
355510,TUPI PAULISTA,RRAS 11 , Alta Paulista, Presidente Prudente
350080,ALFREDO MARCONDES,RRAS 11 , Alta Sorocabana, Presidente Prudente
350130,ÁLVARES MACHADO,RRAS 11 , Alta Sorocabana, Presidente Prudente
350240,ANHUMAS,RRAS 11 , Alta Sorocabana, Presidente Prudente
350890,CAIABU,RRAS 11 , Alta Sorocabana, Presidente Prudente
351512,EMILIANÓPOLIS,RRAS 11 , Alta Sorocabana, Presidente Prudente
351530,ESTRELA DO NORTE,RRAS 11 , Alta Sorocabana, Presidente Prudente
352060,INDIANA,RRAS 11 , Alta Sorocabana, Presidente Prudente
352920,MARTINÓPOLIS,RRAS 11 , Alta Sorocabana, Presidente Prudente
353220,NARANDIBA,RRAS 11 , Alta Sorocabana, Presidente Prudente
353920,PIRAPOZINHO,RRAS 11 , Alta Sorocabana, Presidente Prudente
354120,PRESIDENTE BERNARDES,RRAS 11 , Alta Sorocabana, Presidente Prudente
354140,PRESIDENTE PRUDENTE,RRAS 11 , Alta Sorocabana, Presidente Prudente
354240,REGENTE FEIJÓ,RRAS 11 , Alta Sorocabana, Presidente Prudente
354323,RIBEIRÃO DOS ÍNDIOS,RRAS 11 , Alta Sorocabana, Presidente Prudente
354550,SANDOVALINA,RRAS 11 , Alta Sorocabana, Presidente Prudente
354770,SANTO ANASTÁCIO,RRAS 11 , Alta Sorocabana, Presidente Prudente
354830,SANTO EXPEDITO,RRAS 11 , Alta Sorocabana, Presidente Prudente
355290,TACIBA,RRAS 11 , Alta Sorocabana, Presidente Prudente
355390,TARABAI,RRAS 11 , Alta Sorocabana, Presidente Prudente
351990,IEPÊ,RRAS 11 , Alto Capivari, Presidente Prudente
352560,JOÃO RAMALHO,RRAS 11 , Alto Capivari, Presidente Prudente
353215,NANTES,RRAS 11 , Alto Capivari, Presidente Prudente
354170,QUATÁ,RRAS 11 , Alto Capivari, Presidente Prudente
354220,RANCHARIA,RRAS 11 , Alto Capivari, Presidente Prudente
350910,CAIUÁ,RRAS 11 , Extrem Oeste Paulista, Presidente Prudente
352870,MARABÁ PAULISTA,RRAS 11 , Extrem Oeste Paulista, Presidente Prudente
353830,PIQUEROBI,RRAS 11 , Extrem Oeste Paulista, Presidente Prudente
354130,PRESIDENTE EPITÁCIO,RRAS 11 , Extrem Oeste Paulista, Presidente Prudente
354150,PRESIDENTE VENCESLAU,RRAS 11 , Extrem Oeste Paulista, Presidente Prudente
351535,EUCLIDES DA CUNHA PAULISTA,RRAS 11 , Pontal do Paranapanema, Presidente Prudente
353020,MIRANTE DO PARANAPANEMA,RRAS 11 , Pontal do Paranapanema, Presidente Prudente
354425,ROSANA,RRAS 11 , Pontal do Paranapanema, Presidente Prudente
355430,TEODORO SAMPAIO,RRAS 11 , Pontal do Paranapanema, Presidente Prudente
350370,ARIRANHA,RRAS 12 , Catanduva, São José do Rio Preto
351110,CATANDUVA,RRAS 12 , Catanduva, São José do Rio Preto
351120,CATIGUÁ,RRAS 12 , Catanduva, São José do Rio Preto
351492,ELISIÁRIO,RRAS 12 , Catanduva, São José do Rio Preto
351495,EMBAÚBA,RRAS 12 , Catanduva, São José do Rio Preto
351560,FERNANDO PRESTES,RRAS 12 , Catanduva, São José do Rio Preto
352150,IRAPUÃ,RRAS 12 , Catanduva, São José do Rio Preto
352190,ITAJOBI,RRAS 12 , Catanduva, São José do Rio Preto
352885,MARAPOAMA,RRAS 12 , Catanduva, São José do Rio Preto
353325,NOVAIS,RRAS 12 , Catanduva, São José do Rio Preto
353350,NOVO HORIZONTE,RRAS 12 , Catanduva, São José do Rio Preto
353510,PALMARES PAULISTA,RRAS 12 , Catanduva, São José do Rio Preto
353570,PARAÍSO,RRAS 12 , Catanduva, São José do Rio Preto
353810,PINDORAMA,RRAS 12 , Catanduva, São José do Rio Preto
353900,PIRANGI,RRAS 12 , Catanduva, São José do Rio Preto
354480,SALES,RRAS 12 , Catanduva, São José do Rio Preto
354560,SANTA ADÉLIA,RRAS 12 , Catanduva, São José do Rio Preto
355260,TABAPUÃ,RRAS 12 , Catanduva, São José do Rio Preto
355600,URUPÊS,RRAS 12 , Catanduva, São José do Rio Preto
350280,ARAÇATUBA,RRAS 12 , Central do DRS II, Araçatuba
350420,AURIFLAMA,RRAS 12 , Central do DRS II, Araçatuba
350620,BENTO DE ABREU,RRAS 12 , Central do DRS II, Araçatuba
350640,BILAC,RRAS 12 , Central do DRS II, Araçatuba
351820,GUARARAPES,RRAS 12 , Central do DRS II, Araçatuba
351890,GUZOLÂNDIA,RRAS 12 , Central do DRS II, Araçatuba
353286,NOVA CASTILHO,RRAS 12 , Central do DRS II, Araçatuba
353330,NOVA LUZITÂNIA,RRAS 12 , Central do DRS II, Araçatuba
354440,RUBIÁCEA,RRAS 12 , Central do DRS II, Araçatuba
354805,SANTO ANTÔNIO DO ARACANGUÁ,RRAS 12 , Central do DRS II, Araçatuba
355630,VALPARAÍSO,RRAS 12 , Central do DRS II, Araçatuba
350110,ALTO ALEGRE,RRAS 12 , Consórcio do DRS II, Araçatuba
350440,AVANHANDAVA,RRAS 12 , Consórcio do DRS II, Araçatuba
350510,BARBOSA,RRAS 12 , Consórcio do DRS II, Araçatuba
350650,BIRIGUI,RRAS 12 , Consórcio do DRS II, Araçatuba
350770,BRAÚNA,RRAS 12 , Consórcio do DRS II, Araçatuba
350775,BREJO ALEGRE,RRAS 12 , Consórcio do DRS II, Araçatuba
350810,BURITAMA,RRAS 12 , Consórcio do DRS II, Araçatuba
351190,CLEMENTINA,RRAS 12 , Consórcio do DRS II, Araçatuba
351250,COROADOS,RRAS 12 , Consórcio do DRS II, Araçatuba
351650,GABRIEL MONTEIRO,RRAS 12 , Consórcio do DRS II, Araçatuba
351710,GLICÉRIO,RRAS 12 , Consórcio do DRS II, Araçatuba
352725,LOURDES,RRAS 12 , Consórcio do DRS II, Araçatuba
352770,LUIZIÂNIA,RRAS 12 , Consórcio do DRS II, Araçatuba
353730,PENÁPOLIS,RRAS 12 , Consórcio do DRS II, Araçatuba
353770,PIACATU,RRAS 12 , Consórcio do DRS II, Araçatuba
354840,SANTÓPOLIS DO AGUAPEÍ,RRAS 12 , Consórcio do DRS II, Araçatuba
355520,TURIÚBA,RRAS 12 , Consórcio do DRS II, Araçatuba
351520,ESTRELA D'OESTE,RRAS 12 , Fernandópolis, São José do Rio Preto
351550,FERNANDÓPOLIS,RRAS 12 , Fernandópolis, São José do Rio Preto
351800,GUARANI D'OESTE,RRAS 12 , Fernandópolis, São José do Rio Preto
352070,INDIAPORÃ,RRAS 12 , Fernandópolis, São José do Rio Preto
352820,MACEDÔNIA,RRAS 12 , Fernandópolis, São José do Rio Preto
352960,MERIDIANO,RRAS 12 , Fernandópolis, São José do Rio Preto
353000,MIRA ESTRELA,RRAS 12 , Fernandópolis, São José do Rio Preto
353475,OUROESTE,RRAS 12 , Fernandópolis, São José do Rio Preto
353690,PEDRANÓPOLIS,RRAS 12 , Fernandópolis, São José do Rio Preto
354040,POPULINA,RRAS 12 , Fernandópolis, São José do Rio Preto
354920,SÃO JOÃO DAS DUAS PONTES,RRAS 12 , Fernandópolis, São José do Rio Preto
354925,SÃO JOÃO DE IRACEMA,RRAS 12 , Fernandópolis, São José do Rio Preto
355530,TURMALINA,RRAS 12 , Fernandópolis, São José do Rio Preto
350260,APARECIDA D'OESTE,RRAS 12 , Jales, São José do Rio Preto
350395,ASPÁSIA,RRAS 12 , Jales, São José do Rio Preto
351385,DIRCE REIS,RRAS 12 , Jales, São José do Rio Preto
351420,DOLCINÓPOLIS,RRAS 12 , Jales, São José do Rio Preto
352480,JALES,RRAS 12 , Jales, São José do Rio Preto
352910,MARINÓPOLIS,RRAS 12 , Jales, São José do Rio Preto
352965,MESÓPOLIS,RRAS 12 , Jales, São José do Rio Preto
353520,PALMEIRA D'OESTE,RRAS 12 , Jales, São José do Rio Preto
353590,PARANAPUÃ,RRAS 12 , Jales, São José do Rio Preto
354025,PONTALINDA,RRAS 12 , Jales, São José do Rio Preto
354570,SANTA ALBERTINA,RRAS 12 , Jales, São José do Rio Preto
354765,SANTA SALETE,RRAS 12 , Jales, São José do Rio Preto
354720,SANTANA DA PONTE PENSA,RRAS 12 , Jales, São José do Rio Preto
354900,SÃO FRANCISCO,RRAS 12 , Jales, São José do Rio Preto
355580,URÂNIA,RRAS 12 , Jales, São José do Rio Preto
355695,VITÓRIA BRASIL,RRAS 12 , Jales, São José do Rio Preto
350020,ADOLFO,RRAS 12 , José Bonifácio, São José do Rio Preto
352450,JACI,RRAS 12 , José Bonifácio, São José do Rio Preto
352570,JOSÉ BONIFÁCIO,RRAS 12 , José Bonifácio, São José do Rio Preto
352950,MENDONÇA,RRAS 12 , José Bonifácio, São José do Rio Preto
353140,MONTE APRAZÍVEL,RRAS 12 , José Bonifácio, São José do Rio Preto
353270,NIPOÃ,RRAS 12 , José Bonifácio, São José do Rio Preto
353960,PLANALTO,RRAS 12 , José Bonifácio, São José do Rio Preto
353990,POLONI,RRAS 12 , José Bonifácio, São José do Rio Preto
355535,UBARANA,RRAS 12 , José Bonifácio, São José do Rio Preto
355570,UNIÃO PAULISTA,RRAS 12 , José Bonifácio, São José do Rio Preto
355715,ZACARIAS,RRAS 12 , José Bonifácio, São José do Rio Preto
350210,ANDRADINA,RRAS 12 , Lagos do DRS II, Araçatuba
351100,CASTILHO,RRAS 12 , Lagos do DRS II, Araçatuba
351780,GUARAÇAÍ,RRAS 12 , Lagos do DRS II, Araçatuba
352044,ILHA SOLTEIRA,RRAS 12 , Lagos do DRS II, Araçatuba
352300,ITAPURA,RRAS 12 , Lagos do DRS II, Araçatuba
352650,LAVÍNIA,RRAS 12 , Lagos do DRS II, Araçatuba
353010,MIRANDÓPOLIS,RRAS 12 , Lagos do DRS II, Araçatuba
353210,MURUTINGA DO SUL,RRAS 12 , Lagos do DRS II, Araçatuba
353320,NOVA INDEPENDÊNCIA,RRAS 12 , Lagos do DRS II, Araçatuba
353740,PEREIRA BARRETO,RRAS 12 , Lagos do DRS II, Araçatuba
355230,SUD MENNUCCI,RRAS 12 , Lagos do DRS II, Araçatuba
355255,SUZANÁPOLIS,RRAS 12 , Lagos do DRS II, Araçatuba
353284,NOVA CANAÃ PAULISTA,RRAS 12 , Santa Fé do Sul, São José do Rio Preto
354450,RUBINÉIA,RRAS 12 , Santa Fé do Sul, São José do Rio Preto
354610,SANTA CLARA D'OESTE,RRAS 12 , Santa Fé do Sul, São José do Rio Preto
354660,SANTA FÉ DO SUL,RRAS 12 , Santa Fé do Sul, São José do Rio Preto
354740,SANTA RITA D'OESTE,RRAS 12 , Santa Fé do Sul, São José do Rio Preto
355490,TRÊS FRONTEIRAS,RRAS 12 , Santa Fé do Sul, São José do Rio Preto
350460,BADY BASSITT,RRAS 12 , São José do Rio Preto, São José do Rio Preto
350480,BÁLSAMO,RRAS 12 , São José do Rio Preto, São José do Rio Preto
351130,CEDRAL,RRAS 12 , São José do Rio Preto, São José do Rio Preto
351750,GUAPIAÇU,RRAS 12 , São José do Rio Preto, São José do Rio Preto
351940,IBIRÁ,RRAS 12 , São José do Rio Preto, São José do Rio Preto
351980,ICÉM,RRAS 12 , São José do Rio Preto, São José do Rio Preto
352115,IPIGUÁ,RRAS 12 , São José do Rio Preto, São José do Rio Preto
353030,MIRASSOL,RRAS 12 , São José do Rio Preto, São José do Rio Preto
353040,MIRASSOLÂNDIA,RRAS 12 , São José do Rio Preto, São José do Rio Preto
353250,NEVES PAULISTA,RRAS 12 , São José do Rio Preto, São José do Rio Preto
353280,NOVA ALIANÇA,RRAS 12 , São José do Rio Preto, São José do Rio Preto
353300,NOVA GRANADA,RRAS 12 , São José do Rio Preto, São José do Rio Preto
353400,ONDA VERDE,RRAS 12 , São José do Rio Preto, São José do Rio Preto
353420,ORINDIÚVA,RRAS 12 , São José do Rio Preto, São José do Rio Preto
353500,PALESTINA,RRAS 12 , São José do Rio Preto, São José do Rio Preto
353660,PAULO DE FARIA,RRAS 12 , São José do Rio Preto, São José do Rio Preto
354080,POTIRENDABA,RRAS 12 , São José do Rio Preto, São José do Rio Preto
354980,SÃO JOSÉ DO RIO PRETO,RRAS 12 , São José do Rio Preto, São José do Rio Preto
355340,TANABI,RRAS 12 , São José do Rio Preto, São José do Rio Preto
355560,UCHOA,RRAS 12 , São José do Rio Preto, São José do Rio Preto
350120,ÁLVARES FLORENCE,RRAS 12 , Votuporanga, São José do Rio Preto
350180,AMÉRICO DE CAMPOS,RRAS 12 , Votuporanga, São José do Rio Preto
351070,CARDOSO,RRAS 12 , Votuporanga, São José do Rio Preto
351290,COSMORAMA,RRAS 12 , Votuporanga, São José do Rio Preto
351590,FLOREAL,RRAS 12 , Votuporanga, São José do Rio Preto
351680,GASTÃO VIDIGAL,RRAS 12 , Votuporanga, São José do Rio Preto
351690,GENERAL SALGADO,RRAS 12 , Votuporanga, São José do Rio Preto
352810,MACAUBAL,RRAS 12 , Votuporanga, São José do Rio Preto
352830,MAGDA,RRAS 12 , Votuporanga, São José do Rio Preto
353100,MONÇÕES,RRAS 12 , Votuporanga, São José do Rio Preto
353260,NHANDEARA,RRAS 12 , Votuporanga, São José do Rio Preto
353625,PARISI,RRAS 12 , Votuporanga, São José do Rio Preto
354030,PONTES GESTAL,RRAS 12 , Votuporanga, São José do Rio Preto
354420,RIOLÂNDIA,RRAS 12 , Votuporanga, São José do Rio Preto
355130,SEBASTIANÓPOLIS DO SUL,RRAS 12 , Votuporanga, São José do Rio Preto
355610,VALENTIM GENTIL,RRAS 12 , Votuporanga, São José do Rio Preto
355710,VOTUPORANGA,RRAS 12 , Votuporanga, São José do Rio Preto
352130,IPUÃ,RRAS 13 , Alta Anhanguera, Franca
353190,MORRO AGUDO,RRAS 13 , Alta Anhanguera, Franca
353360,NUPORANGA,RRAS 13 , Alta Anhanguera, Franca
353430,ORLÂNDIA,RRAS 13 , Alta Anhanguera, Franca
354490,SALES OLIVEIRA,RRAS 13 , Alta Anhanguera, Franca
354940,SÃO JOAQUIM DA BARRA,RRAS 13 , Alta Anhanguera, Franca
350300,ARAMINA,RRAS 13 , Alta Mogiana, Franca
350820,BURITIZAL,RRAS 13 , Alta Mogiana, Franca
351770,GUARÁ,RRAS 13 , Alta Mogiana, Franca
352010,IGARAPAVA,RRAS 13 , Alta Mogiana, Franca
352410,ITUVERAVA,RRAS 13 , Alta Mogiana, Franca
352970,MIGUELÓPOLIS,RRAS 13 , Alta Mogiana, Franca
351310,CRAVINHOS,RRAS 13 , Aquífero Guarani, Ribeirão Preto
351885,GUATAPARÁ,RRAS 13 , Aquífero Guarani, Ribeirão Preto
352510,JARDINÓPOLIS,RRAS 13 , Aquífero Guarani, Ribeirão Preto
352760,LUÍS ANTÔNIO,RRAS 13 , Aquífero Guarani, Ribeirão Preto
354340,RIBEIRÃO PRETO,RRAS 13 , Aquífero Guarani, Ribeirão Preto
354750,SANTA RITA DO PASSA QUATRO,RRAS 13 , Aquífero Guarani, Ribeirão Preto
354760,SANTA ROSA DE VITERBO,RRAS 13 , Aquífero Guarani, Ribeirão Preto
355090,SÃO SIMÃO,RRAS 13 , Aquífero Guarani, Ribeirão Preto
355140,SERRA AZUL,RRAS 13 , Aquífero Guarani, Ribeirão Preto
355150,SERRANA,RRAS 13 , Aquífero Guarani, Ribeirão Preto
350560,BARRINHA,RRAS 13 , Horizonte Verde, Ribeirão Preto
351460,DUMONT,RRAS 13 , Horizonte Verde, Ribeirão Preto
351860,GUARIBA,RRAS 13 , Horizonte Verde, Ribeirão Preto
352430,JABOTICABAL,RRAS 13 , Horizonte Verde, Ribeirão Preto
353130,MONTE ALTO,RRAS 13 , Horizonte Verde, Ribeirão Preto
353950,PITANGUEIRAS,RRAS 13 , Horizonte Verde, Ribeirão Preto
354020,PONTAL,RRAS 13 , Horizonte Verde, Ribeirão Preto
354090,PRADÓPOLIS,RRAS 13 , Horizonte Verde, Ribeirão Preto
355170,SERTÃOZINHO,RRAS 13 , Horizonte Verde, Ribeirão Preto
350090,ALTAIR,RRAS 13 , Norte - Barretos, Barretos
350550,BARRETOS,RRAS 13 , Norte - Barretos, Barretos
350930,CAJOBI,RRAS 13 , Norte - Barretos, Barretos
351200,COLINA,RRAS 13 , Norte - Barretos, Barretos
351210,COLÔMBIA,RRAS 13 , Norte - Barretos, Barretos
351740,GUAÍRA,RRAS 13 , Norte - Barretos, Barretos
351790,GUARACI,RRAS 13 , Norte - Barretos, Barretos
352420,JABORANDI,RRAS 13 , Norte - Barretos, Barretos
353390,OLÍMPIA,RRAS 13 , Norte - Barretos, Barretos
355190,SEVERÍNIA,RRAS 13 , Norte - Barretos, Barretos
350610,BEBEDOURO,RRAS 13 , Sul - Barretos, Barretos
353150,MONTE AZUL PAULISTA,RRAS 13 , Sul - Barretos, Barretos
355310,TAIAÇU,RRAS 13 , Sul - Barretos, Barretos
355320,TAIÚVA,RRAS 13 , Sul - Barretos, Barretos
355365,TAQUARAL,RRAS 13 , Sul - Barretos, Barretos
355440,TERRA ROXA,RRAS 13 , Sul - Barretos, Barretos
355680,VIRADOURO,RRAS 13 , Sul - Barretos, Barretos
355690,VISTA ALEGRE DO ALTO,RRAS 13 , Sul - Barretos, Barretos
351320,CRISTAIS PAULISTA,RRAS 13 , Três Colinas, Franca
351620,FRANCA,RRAS 13 , Três Colinas, Franca
352370,ITIRAPUÃ,RRAS 13 , Três Colinas, Franca
352540,JERIQUARA,RRAS 13 , Três Colinas, Franca
353630,PATROCÍNIO PAULISTA,RRAS 13 , Três Colinas, Franca
353700,PEDREGULHO,RRAS 13 , Três Colinas, Franca
354270,RESTINGA,RRAS 13 , Três Colinas, Franca
354310,RIBEIRÃO CORRENTE,RRAS 13 , Três Colinas, Franca
354360,RIFAINA,RRAS 13 , Três Colinas, Franca
354950,SÃO JOSÉ DA BELA VISTA,RRAS 13 , Três Colinas, Franca
350100,ALTINÓPOLIS,RRAS 13 , Vale das Cachoeiras, Ribeirão Preto
350590,BATATAIS,RRAS 13 , Vale das Cachoeiras, Ribeirão Preto
350780,BRODOWSKI,RRAS 13 , Vale das Cachoeiras, Ribeirão Preto
350940,CAJURU,RRAS 13 , Vale das Cachoeiras, Ribeirão Preto
351090,CÁSSIA DOS COQUEIROS,RRAS 13 , Vale das Cachoeiras, Ribeirão Preto
354625,SANTA CRUZ DA ESPERANÇA,RRAS 13 , Vale das Cachoeiras, Ribeirão Preto
354790,SANTO ANTÔNIO DA ALEGRIA,RRAS 13 , Vale das Cachoeiras, Ribeirão Preto
350330,ARARAS,RRAS 14 , Araras, Piracicaba
351220,CONCHAL,RRAS 14 , Araras, Piracicaba
352670,LEME,RRAS 14 , Araras, Piracicaba
353930,PIRASSUNUNGA,RRAS 14 , Araras, Piracicaba
354620,SANTA CRUZ DA CONCEIÇÃO,RRAS 14 , Araras, Piracicaba
351240,CORDEIRÓPOLIS,RRAS 14 , Limeira, Piracicaba
351515,ENGENHEIRO COELHO,RRAS 14 , Limeira, Piracicaba
352140,IRACEMÁPOLIS,RRAS 14 , Limeira, Piracicaba
352690,LIMEIRA,RRAS 14 , Limeira, Piracicaba
350060,ÁGUAS DE SÃO PEDRO,RRAS 14 , Piracicaba, Piracicaba
351040,CAPIVARI,RRAS 14 , Piracicaba, Piracicaba
351170,CHARQUEADA,RRAS 14 , Piracicaba, Piracicaba
351490,ELIAS FAUSTO,RRAS 14 , Piracicaba, Piracicaba
353090,MOMBUCA,RRAS 14 , Piracicaba, Piracicaba
353870,PIRACICABA,RRAS 14 , Piracicaba, Piracicaba
354210,RAFARD,RRAS 14 , Piracicaba, Piracicaba
354400,RIO DAS PEDRAS,RRAS 14 , Piracicaba, Piracicaba
354515,SALTINHO,RRAS 14 , Piracicaba, Piracicaba
354700,SANTA MARIA DA SERRA,RRAS 14 , Piracicaba, Piracicaba
355040,SÃO PEDRO,RRAS 14 , Piracicaba, Piracicaba
350200,ANALÂNDIA,RRAS 14 , Rio Claro, Piracicaba
351270,CORUMBATAÍ,RRAS 14 , Rio Claro, Piracicaba
352110,IPEÚNA,RRAS 14 , Rio Claro, Piracicaba
352360,ITIRAPINA,RRAS 14 , Rio Claro, Piracicaba
354390,RIO CLARO,RRAS 14 , Rio Claro, Piracicaba
354670,SANTA GERTRUDES,RRAS 14 , Rio Claro, Piracicaba
355730,ESTIVA GERBI,RRAS 15 , Baixa Mogiana, São João da Boa Vista
352260,ITAPIRA,RRAS 15 , Baixa Mogiana, São João da Boa Vista
353070,MOGI GUAÇU,RRAS 15 , Baixa Mogiana, São João da Boa Vista
353080,MOGI MIRIM,RRAS 15 , Baixa Mogiana, São João da Boa Vista
350050,ÁGUAS DE LINDÓIA,RRAS 15 , Circuito das Águas, Campinas
350190,AMPARO,RRAS 15 , Circuito das Águas, Campinas
352700,LINDÓIA,RRAS 15 , Circuito das Águas, Campinas
353120,MONTE ALEGRE DO SUL,RRAS 15 , Circuito das Águas, Campinas
355160,SERRA NEGRA,RRAS 15 , Circuito das Águas, Campinas
350030,AGUAÍ,RRAS 15 , Mantiqueira, São João da Boa Vista
350040,ÁGUAS DA PRATA,RRAS 15 , Mantiqueira, São João da Boa Vista
351518,ESPÍRITO SANTO DO PINHAL,RRAS 15 , Mantiqueira, São João da Boa Vista
354630,SANTA CRUZ DAS PALMEIRAS,RRAS 15 , Mantiqueira, São João da Boa Vista
354810,SANTO ANTÔNIO DO JARDIM,RRAS 15 , Mantiqueira, São João da Boa Vista
354910,SÃO JOÃO DA BOA VISTA,RRAS 15 , Mantiqueira, São João da Boa Vista
355330,TAMBAÚ,RRAS 15 , Mantiqueira, São João da Boa Vista
355640,VARGEM GRANDE DO SUL,RRAS 15 , Mantiqueira, São João da Boa Vista
350160,AMERICANA,RRAS 15 , Reg. Metrop. Campinas, Campinas
350380,ARTUR NOGUEIRA,RRAS 15 , Reg. Metrop. Campinas, Campinas
350950,CAMPINAS,RRAS 15 , Reg. Metrop. Campinas, Campinas
351280,COSMÓPOLIS,RRAS 15 , Reg. Metrop. Campinas, Campinas
351905,HOLAMBRA,RRAS 15 , Reg. Metrop. Campinas, Campinas
351907,HORTOLÂNDIA,RRAS 15 , Reg. Metrop. Campinas, Campinas
352050,INDAIATUBA,RRAS 15 , Reg. Metrop. Campinas, Campinas
352340,ITATIBA,RRAS 15 , Reg. Metrop. Campinas, Campinas
352470,JAGUARIÚNA,RRAS 15 , Reg. Metrop. Campinas, Campinas
353180,MONTE MOR,RRAS 15 , Reg. Metrop. Campinas, Campinas
353200,MORUNGABA,RRAS 15 , Reg. Metrop. Campinas, Campinas
353340,NOVA ODESSA,RRAS 15 , Reg. Metrop. Campinas, Campinas
353650,PAULÍNIA,RRAS 15 , Reg. Metrop. Campinas, Campinas
353710,PEDREIRA,RRAS 15 , Reg. Metrop. Campinas, Campinas
354580,SANTA BÁRBARA D'OESTE,RRAS 15 , Reg. Metrop. Campinas, Campinas
354800,SANTO ANTÔNIO DE POSSE,RRAS 15 , Reg. Metrop. Campinas, Campinas
355240,SUMARÉ,RRAS 15 , Reg. Metrop. Campinas, Campinas
355620,VALINHOS,RRAS 15 , Reg. Metrop. Campinas, Campinas
355670,VINHEDO,RRAS 15 , Reg. Metrop. Campinas, Campinas
350870,CACONDE,RRAS 15 , Rio Pardo, São João da Boa Vista
351080,CASA BRANCA,RRAS 15 , Rio Pardo, São João da Boa Vista
351390,DIVINOLÂNDIA,RRAS 15 , Rio Pardo, São João da Boa Vista
352380,ITOBI,RRAS 15 , Rio Pardo, São João da Boa Vista
353050,MOCOCA,RRAS 15 , Rio Pardo, São João da Boa Vista
354970,SÃO JOSÉ DO RIO PARDO,RRAS 15 , Rio Pardo, São João da Boa Vista
355080,SÃO SEBASTIÃO DA GRAMA,RRAS 15 , Rio Pardo, São João da Boa Vista
355360,TAPIRATIBA,RRAS 15 , Rio Pardo, São João da Boa Vista
350410,ATIBAIA,RRAS 16 , Bragança, Campinas
350710,BOM JESUS DOS PERDÕES,RRAS 16 , Bragança, Campinas
350760,BRAGANÇA PAULISTA,RRAS 16 , Bragança, Campinas
352550,JOANÓPOLIS,RRAS 16 , Bragança, Campinas
353240,NAZARÉ PAULISTA,RRAS 16 , Bragança, Campinas
353680,PEDRA BELA,RRAS 16 , Bragança, Campinas
353820,PINHALZINHO,RRAS 16 , Bragança, Campinas
353860,PIRACAIA,RRAS 16 , Bragança, Campinas
355210,SOCORRO,RRAS 16 , Bragança, Campinas
355495,TUIUTI,RRAS 16 , Bragança, Campinas
355635,VARGEM,RRAS 16 , Bragança, Campinas
350840,CABREÚVA,RRAS 16 , Jundiaí, Campinas
350960,CAMPO LIMPO PAULISTA,RRAS 16 , Jundiaí, Campinas
352400,ITUPEVA,RRAS 16 , Jundiaí, Campinas
352520,JARINU,RRAS 16 , Jundiaí, Campinas
352590,JUNDIAÍ,RRAS 16 , Jundiaí, Campinas
352730,LOUVEIRA,RRAS 16 , Jundiaí, Campinas
355650,VÁRZEA PAULISTA,RRAS 16 , Jundiaí, Campinas
350850,CAÇAPAVA,RRAS 17 , Alto Vale do Paraíba, Taubaté
352020,IGARATÁ,RRAS 17 , Alto Vale do Paraíba, Taubaté
352440,JACAREÍ,RRAS 17 , Alto Vale do Paraíba, Taubaté
352490,JAMBEIRO,RRAS 17 , Alto Vale do Paraíba, Taubaté
353170,MONTEIRO LOBATO,RRAS 17 , Alto Vale do Paraíba, Taubaté
353560,PARAIBUNA,RRAS 17 , Alto Vale do Paraíba, Taubaté
354600,SANTA BRANCA,RRAS 17 , Alto Vale do Paraíba, Taubaté
354990,SÃO JOSÉ DOS CAMPOS,RRAS 17 , Alto Vale do Paraíba, Taubaté
350250,APARECIDA,RRAS 17 , Circ. da Fé - V. Histórico, Taubaté
350315,ARAPEÍ,RRAS 17 , Circ. da Fé - V. Histórico, Taubaté
350350,AREIAS,RRAS 17 , Circ. da Fé - V. Histórico, Taubaté
350490,BANANAL,RRAS 17 , Circ. da Fé - V. Histórico, Taubaté
350860,CACHOEIRA PAULISTA,RRAS 17 , Circ. da Fé - V. Histórico, Taubaté
350995,CANAS,RRAS 17 , Circ. da Fé - V. Histórico, Taubaté
351340,CRUZEIRO,RRAS 17 , Circ. da Fé - V. Histórico, Taubaté
351360,CUNHA,RRAS 17 , Circ. da Fé - V. Histórico, Taubaté
351840,GUARATINGUETÁ,RRAS 17 , Circ. da Fé - V. Histórico, Taubaté
352660,LAVRINHAS,RRAS 17 , Circ. da Fé - V. Histórico, Taubaté
352720,LORENA,RRAS 17 , Circ. da Fé - V. Histórico, Taubaté
353850,PIQUETE,RRAS 17 , Circ. da Fé - V. Histórico, Taubaté
354075,POTIM,RRAS 17 , Circ. da Fé - V. Histórico, Taubaté
354190,QUELUZ,RRAS 17 , Circ. da Fé - V. Histórico, Taubaté
354430,ROSEIRA,RRAS 17 , Circ. da Fé - V. Histórico, Taubaté
354960,SÃO JOSÉ DO BARREIRO,RRAS 17 , Circ. da Fé - V. Histórico, Taubaté
355200,SILVEIRAS,RRAS 17 , Circ. da Fé - V. Histórico, Taubaté
351050,CARAGUATATUBA,RRAS 17 , Litoral Norte, Taubaté
352040,ILHABELA,RRAS 17 , Litoral Norte, Taubaté
355070,SÃO SEBASTIÃO,RRAS 17 , Litoral Norte, Taubaté
355540,UBATUBA,RRAS 17 , Litoral Norte, Taubaté
350970,CAMPOS DO JORDÃO,RRAS 17 , V. Paraíba -  R. Serrana, Taubaté
352630,LAGOINHA,RRAS 17 , V. Paraíba -  R. Serrana, Taubaté
353230,NATIVIDADE DA SERRA,RRAS 17 , V. Paraíba -  R. Serrana, Taubaté
353800,PINDAMONHANGABA,RRAS 17 , V. Paraíba -  R. Serrana, Taubaté
354230,REDENÇÃO DA SERRA,RRAS 17 , V. Paraíba -  R. Serrana, Taubaté
354820,SANTO ANTÔNIO DO PINHAL,RRAS 17 , V. Paraíba -  R. Serrana, Taubaté
354860,SÃO BENTO DO SAPUCAÍ,RRAS 17 , V. Paraíba -  R. Serrana, Taubaté
355000,SÃO LUÍS DO PARAITINGA,RRAS 17 , V. Paraíba -  R. Serrana, Taubaté
355410,TAUBATÉ,RRAS 17 , V. Paraíba -  R. Serrana, Taubaté
355480,TREMEMBÉ,RRAS 17 , V. Paraíba -  R. Serrana, Taubaté
350170,AMÉRICO BRASILIENSE,RRAS 18 , Central do DRS III, Araraquara
350320,ARARAQUARA,RRAS 18 , Central do DRS III, Araraquara
350670,BOA ESPERANÇA DO SUL,RRAS 18 , Central do DRS III, Araraquara
351685,GAVIÃO PEIXOTO,RRAS 18 , Central do DRS III, Araraquara
353205,MOTUCA,RRAS 18 , Central do DRS III, Araraquara
354370,RINCÃO,RRAS 18 , Central do DRS III, Araraquara
354690,SANTA LÚCIA,RRAS 18 , Central do DRS III, Araraquara
355475,TRABIJU,RRAS 18 , Central do DRS III, Araraquara
351370,DESCALVADO,RRAS 18 , Coração do DRS III, Araraquara
351430,DOURADO,RRAS 18 , Coração do DRS III, Araraquara
351930,IBATÉ,RRAS 18 , Coração do DRS III, Araraquara
354070,PORTO FERREIRA,RRAS 18 , Coração do DRS III, Araraquara
354290,RIBEIRÃO BONITO,RRAS 18 , Coração do DRS III, Araraquara
354890,SÃO CARLOS,RRAS 18 , Coração do DRS III, Araraquara
350740,BORBOREMA,RRAS 18 , Noroeste do DRS III, Araraquara
351010,CÂNDIDO RODRIGUES,RRAS 18 , Noroeste do DRS III, Araraquara
351400,DOBRADA,RRAS 18 , Noroeste do DRS III, Araraquara
351960,IBITINGA,RRAS 18 , Noroeste do DRS III, Araraquara
352270,ITÁPOLIS,RRAS 18 , Noroeste do DRS III, Araraquara
352930,MATÃO,RRAS 18 , Noroeste do DRS III, Araraquara
353290,NOVA EUROPA,RRAS 18 , Noroeste do DRS III, Araraquara
354650,SANTA ERNESTINA,RRAS 18 , Noroeste do DRS III, Araraquara
355270,TABATINGA,RRAS 18 , Noroeste do DRS III, Araraquara
355370,TAQUARITINGA,RRAS 18 , Noroeste do DRS III, Araraquara
350390,ARUJÁ,RRAS 2 , Alto Tietê, Grande São Paulo
350660,BIRITIBA MIRIM,RRAS 2 , Alto Tietê, Grande São Paulo
351570,FERRAZ DE VASCONCELOS,RRAS 2 , Alto Tietê, Grande São Paulo
351830,GUARAREMA,RRAS 2 , Alto Tietê, Grande São Paulo
351880,GUARULHOS,RRAS 2 , Alto Tietê, Grande São Paulo
352310,ITAQUAQUECETUBA,RRAS 2 , Alto Tietê, Grande São Paulo
353060,MOGI DAS CRUZES,RRAS 2 , Alto Tietê, Grande São Paulo
353980,POÁ,RRAS 2 , Alto Tietê, Grande São Paulo
354500,SALESÓPOLIS,RRAS 2 , Alto Tietê, Grande São Paulo
354680,SANTA ISABEL,RRAS 2 , Alto Tietê, Grande São Paulo
355250,SUZANO,RRAS 2 , Alto Tietê, Grande São Paulo
350900,CAIEIRAS,RRAS 3 , Franco da Rocha, Grande São Paulo
350920,CAJAMAR,RRAS 3 , Franco da Rocha, Grande São Paulo
351630,FRANCISCO MORATO,RRAS 3 , Franco da Rocha, Grande São Paulo
351640,FRANCO DA ROCHA,RRAS 3 , Franco da Rocha, Grande São Paulo
352850,MAIRIPORÃ,RRAS 3 , Franco da Rocha, Grande São Paulo
351300,COTIA,RRAS 4 , Mananciais, Grande São Paulo
351500,EMBU DAS ARTES,RRAS 4 , Mananciais, Grande São Paulo
351510,EMBU GUAÇU,RRAS 4 , Mananciais, Grande São Paulo
352220,ITAPECERICA DA SERRA,RRAS 4 , Mananciais, Grande São Paulo
352620,JUQUITIBA,RRAS 4 , Mananciais, Grande São Paulo
354995,SÃO LOURENÇO DA SERRA,RRAS 4 , Mananciais, Grande São Paulo
355280,TABOÃO DA SERRA,RRAS 4 , Mananciais, Grande São Paulo
355645,VARGEM GRANDE PAULISTA,RRAS 4 , Mananciais, Grande São Paulo
350570,BARUERI,RRAS 5 , Rota dos Bandeirantes, Grande São Paulo
351060,CARAPICUÍBA,RRAS 5 , Rota dos Bandeirantes, Grande São Paulo
352250,ITAPEVI,RRAS 5 , Rota dos Bandeirantes, Grande São Paulo
352500,JANDIRA,RRAS 5 , Rota dos Bandeirantes, Grande São Paulo
353440,OSASCO,RRAS 5 , Rota dos Bandeirantes, Grande São Paulo
353910,PIRAPORA DO BOM JESUS,RRAS 5 , Rota dos Bandeirantes, Grande São Paulo
354730,SANTANA DE PARNAÍBA,RRAS 5 , Rota dos Bandeirantes, Grande São Paulo
355030,SÃO PAULO,RRAS 6 , São Paulo, Grande São Paulo
350635,BERTIOGA,RRAS 7 , Baixada Santista, Baixada Santista
351350,CUBATÃO,RRAS 7 , Baixada Santista, Baixada Santista
351870,GUARUJÁ,RRAS 7 , Baixada Santista, Baixada Santista
352210,ITANHAÉM,RRAS 7 , Baixada Santista, Baixada Santista
353110,MONGAGUÁ,RRAS 7 , Baixada Santista, Baixada Santista
353760,PERUÍBE,RRAS 7 , Baixada Santista, Baixada Santista
354100,PRAIA GRANDE,RRAS 7 , Baixada Santista, Baixada Santista
354850,SANTOS,RRAS 7 , Baixada Santista, Baixada Santista
355100,SÃO VICENTE,RRAS 7 , Baixada Santista, Baixada Santista
350540,BARRA DO TURVO,RRAS 7 , Vale do Ribeira, Registro
350925,CAJATI,RRAS 7 , Vale do Ribeira, Registro
350990,CANANÉIA,RRAS 7 , Vale do Ribeira, Registro
351480,ELDORADO,RRAS 7 , Vale do Ribeira, Registro
352030,IGUAPE,RRAS 7 , Vale do Ribeira, Registro
352042,ILHA COMPRIDA,RRAS 7 , Vale do Ribeira, Registro
352120,IPORANGA,RRAS 7 , Vale do Ribeira, Registro
352330,ITARIRI,RRAS 7 , Vale do Ribeira, Registro
352460,JACUPIRANGA,RRAS 7 , Vale do Ribeira, Registro
352610,JUQUIÁ,RRAS 7 , Vale do Ribeira, Registro
352990,MIRACATU,RRAS 7 , Vale do Ribeira, Registro
353620,PARIQUERA-AÇU,RRAS 7 , Vale do Ribeira, Registro
353720,PEDRO DE TOLEDO,RRAS 7 , Vale do Ribeira, Registro
354260,REGISTRO,RRAS 7 , Vale do Ribeira, Registro
355180,SETE BARRAS,RRAS 7 , Vale do Ribeira, Registro
350075,ALAMBARI,RRAS 8 , Itapetininga, Sorocaba
350220,ANGATUBA,RRAS 8 , Itapetininga, Sorocaba
350945,CAMPINA DO MONTE ALEGRE,RRAS 8 , Itapetininga, Sorocaba
351020,CAPÃO BONITO,RRAS 8 , Itapetininga, Sorocaba
351150,CERQUILHO,RRAS 8 , Itapetininga, Sorocaba
351160,CESÁRIO LANGE,RRAS 8 , Itapetininga, Sorocaba
351850,GUAREÍ,RRAS 8 , Itapetininga, Sorocaba
352230,ITAPETININGA,RRAS 8 , Itapetininga, Sorocaba
354165,QUADRA,RRAS 8 , Itapetininga, Sorocaba
354325,RIBEIRÃO GRANDE,RRAS 8 , Itapetininga, Sorocaba
355020,SÃO MIGUEL ARCANJO,RRAS 8 , Itapetininga, Sorocaba
355110,SARAPUÍ,RRAS 8 , Itapetininga, Sorocaba
355400,TATUÍ,RRAS 8 , Itapetininga, Sorocaba
350270,APIAÍ,RRAS 8 , Itapeva, Sorocaba
350535,BARRA DO CHAPÉU,RRAS 8 , Itapeva, Sorocaba
350715,BOM SUCESSO DE ITARARÉ,RRAS 8 , Itapeva, Sorocaba
350800,BURI,RRAS 8 , Itapeva, Sorocaba
351760,GUAPIARA,RRAS 8 , Itapeva, Sorocaba
352170,ITABERÁ,RRAS 8 , Itapeva, Sorocaba
352215,ITAÓCA,RRAS 8 , Itapeva, Sorocaba
352240,ITAPEVA,RRAS 8 , Itapeva, Sorocaba
352265,ITAPIRAPUÃ PAULISTA,RRAS 8 , Itapeva, Sorocaba
352320,ITARARÉ,RRAS 8 , Itapeva, Sorocaba
353282,NOVA CAMPINA,RRAS 8 , Itapeva, Sorocaba
354280,RIBEIRA,RRAS 8 , Itapeva, Sorocaba
354300,RIBEIRÃO BRANCO,RRAS 8 , Itapeva, Sorocaba
354350,RIVERSUL,RRAS 8 , Itapeva, Sorocaba
355385,TAQUARIVAÍ,RRAS 8 , Itapeva, Sorocaba
350115,ALUMÍNIO,RRAS 8 , Sorocaba, Sorocaba
350275,ARAÇARIGUAMA,RRAS 8 , Sorocaba, Sorocaba
350290,ARAÇOIABA DA SERRA,RRAS 8 , Sorocaba, Sorocaba
350700,BOITUVA,RRAS 8 , Sorocaba, Sorocaba
351030,CAPELA DO ALTO,RRAS 8 , Sorocaba, Sorocaba
351970,IBIÚNA,RRAS 8 , Sorocaba, Sorocaba
352100,IPERÓ,RRAS 8 , Sorocaba, Sorocaba
352390,ITU,RRAS 8 , Sorocaba, Sorocaba
352585,JUMIRIM,RRAS 8 , Sorocaba, Sorocaba
352840,MAIRINQUE,RRAS 8 , Sorocaba, Sorocaba
353780,PIEDADE,RRAS 8 , Sorocaba, Sorocaba
353790,PILAR DO SUL,RRAS 8 , Sorocaba, Sorocaba
354060,PORTO FELIZ,RRAS 8 , Sorocaba, Sorocaba
354520,SALTO,RRAS 8 , Sorocaba, Sorocaba
354530,SALTO DE PIRAPORA,RRAS 8 , Sorocaba, Sorocaba
355060,SÃO ROQUE,RRAS 8 , Sorocaba, Sorocaba
355220,SOROCABA,RRAS 8 , Sorocaba, Sorocaba
355350,TAPIRAÍ,RRAS 8 , Sorocaba, Sorocaba
355450,TIETÊ,RRAS 8 , Sorocaba, Sorocaba
355700,VOTORANTIM,RRAS 8 , Sorocaba, Sorocaba
350070,AGUDOS,RRAS 9 , Bauru, Bauru
350340,AREALVA,RRAS 9 , Bauru, Bauru
350430,AVAÍ,RRAS 9 , Bauru, Bauru
350470,BALBINOS,RRAS 9 , Bauru, Bauru
350600,BAURU,RRAS 9 , Bauru, Bauru
350745,BOREBI,RRAS 9 , Bauru, Bauru
350830,CABRÁLIA PAULISTA,RRAS 9 , Bauru, Bauru
351450,DUARTINA,RRAS 9 , Bauru, Bauru
351910,IACANGA,RRAS 9 , Bauru, Bauru
352680,LENÇÓIS PAULISTA,RRAS 9 , Bauru, Bauru
352750,LUCIANÓPOLIS,RRAS 9 , Bauru, Bauru
352800,MACATUBA,RRAS 9 , Bauru, Bauru
353657,PAULISTÂNIA,RRAS 9 , Bauru, Bauru
353670,PEDERNEIRAS,RRAS 9 , Bauru, Bauru
353890,PIRAJUÍ,RRAS 9 , Bauru, Bauru
353940,PIRATININGA,RRAS 9 , Bauru, Bauru
354110,PRESIDENTE ALVES,RRAS 9 , Bauru, Bauru
354250,REGINÓPOLIS,RRAS 9 , Bauru, Bauru
350520,BARIRI,RRAS 9 , Jaú, Bauru
350530,BARRA BONITA,RRAS 9 , Jaú, Bauru
350680,BOCAINA,RRAS 9 , Jaú, Bauru
350730,BORACÉIA,RRAS 9 , Jaú, Bauru
350790,BROTAS,RRAS 9 , Jaú, Bauru
351410,DOIS CÓRREGOS,RRAS 9 , Jaú, Bauru
352000,IGARAÇU DO TIETÊ,RRAS 9 , Jaú, Bauru
352200,ITAJU,RRAS 9 , Jaú, Bauru
352290,ITAPUÍ,RRAS 9 , Jaú, Bauru
352530,JAÚ,RRAS 9 , Jaú, Bauru
352980,MINEIROS DO TIETÊ,RRAS 9 , Jaú, Bauru
355470,TORRINHA,RRAS 9 , Jaú, Bauru
350880,CAFELÂNDIA,RRAS 9 , Lins, Bauru
351700,GETULINA,RRAS 9 , Lins, Bauru
351720,GUAIÇARA,RRAS 9 , Lins, Bauru
352710,LINS,RRAS 9 , Lins, Bauru
354010,PONGAÍ,RRAS 9 , Lins, Bauru
354160,PROMISSÃO,RRAS 9 , Lins, Bauru
354460,SABINO,RRAS 9 , Lins, Bauru
355590,URU,RRAS 9 , Lins, Bauru
350230,ANHEMBI,RRAS 9 , Polo Cuesta, Bauru
350360,AREIÓPOLIS,RRAS 9 , Polo Cuesta, Bauru
350690,BOFETE,RRAS 9 , Polo Cuesta, Bauru
350750,BOTUCATU,RRAS 9 , Polo Cuesta, Bauru
351230,CONCHAS,RRAS 9 , Polo Cuesta, Bauru
352350,ITATINGA,RRAS 9 , Polo Cuesta, Bauru
352640,LARANJAL PAULISTA,RRAS 9 , Polo Cuesta, Bauru
353610,PARDINHO,RRAS 9 , Polo Cuesta, Bauru
353750,PEREIRAS,RRAS 9 , Polo Cuesta, Bauru
354050,PORANGABA,RRAS 9 , Polo Cuesta, Bauru
354105,PRATÂNIA,RRAS 9 , Polo Cuesta, Bauru
355010,SÃO MANUEL,RRAS 9 , Polo Cuesta, Bauru
355465,TORRE DE PEDRA,RRAS 9 , Polo Cuesta, Bauru
350055,ÁGUAS DE SANTA BÁRBARA,RRAS 9 , Vale do Jurumirim, Bauru
350310,ARANDU,RRAS 9 , Vale do Jurumirim, Bauru
350450,AVARÉ,RRAS 9 , Vale do Jurumirim, Bauru
350500,BARÃO DE ANTONINA,RRAS 9 , Vale do Jurumirim, Bauru
351140,CERQUEIRA CÉSAR,RRAS 9 , Vale do Jurumirim, Bauru
351260,CORONEL MACEDO,RRAS 9 , Vale do Jurumirim, Bauru
351540,FARTURA,RRAS 9 , Vale do Jurumirim, Bauru
351925,IARAS,RRAS 9 , Vale do Jurumirim, Bauru
352180,ITAÍ,RRAS 9 , Vale do Jurumirim, Bauru
352280,ITAPORANGA,RRAS 9 , Vale do Jurumirim, Bauru
352860,MANDURI,RRAS 9 , Vale do Jurumirim, Bauru
353580,PARANAPANEMA,RRAS 9 , Vale do Jurumirim, Bauru
353880,PIRAJU,RRAS 9 , Vale do Jurumirim, Bauru
355120,SARUTAIÁ,RRAS 9 , Vale do Jurumirim, Bauru
355300,TAGUAÍ,RRAS 9 , Vale do Jurumirim, Bauru
355380,TAQUARITUBA,RRAS 9 , Vale do Jurumirim, Bauru
355420,TEJUPÁ,RRAS 9 , Vale do Jurumirim, Bauru